task_id,response
8ef8104b-6fea-4d68-bf25-9544f256df23,"
7"
4cc2e0f7-f998-4617-b77d-ab6b762e8724,"
3"
b7497dab-c881-4fe0-82fa-2bfc9db29131,"
很抱歉，我目前无法访问外部网络来搜索GitHub上的具体issue信息。由于网络连接问题，无法获取到您需要的2025年8月8日Hugging Face transformers仓库中关于Audio、Whisper、bug标签的issue详情。

建议您可以直接：
1. 访问 https://github.com/huggingface/transformers/issues
2. 使用GitHub的搜索功能，按标签Audio、Whisper、bug筛选
3. 设置日期筛选为2025年8月8日来查找相关issue

如果您能提供该issue的具体编号或更多详细信息，我也许能通过其他方式帮助您。"
a79fe89d-762e-4360-86d2-6d61ed7670af,"
5"
8789238a-0102-4c6e-8833-d25f26d5b44f,"
理财,信贷,保险,证券,基金,黄金"
1fd59113-67be-4a5e-a898-18b6d88ae598,"
木姜子"
e190a526-8286-437c-a1f4-41095e0d5b9e,"
麻纸"
0a5d59c4-7dee-4eef-9f95-918b34f8f3b2,"
京东凹凸实验室"
d9330a95-6f70-46c5-b1a6-9ffcb64fb6e3,"
2025年7月21日"
1085ad3d-9a20-4c23-a2e8-9805f7a85417,"
无法访问文件路径 ""valid/['20240414fa6.jpg']""，因为该路径格式不正确。请提供标准的文件路径格式，例如 ""valid/20240414fa6.jpg"" 或其他有效的图片路径。"
93c98572-e5d9-451c-9208-4e09497fa16f,"
很抱歉，我在尝试访问该京东商品页面时遇到了网络超时问题，无法获取到""问大家""栏目中关于""案板加提手部分总共有多长""这个问题的具体回复信息。

建议您可以直接访问该商品链接 https://item.jd.com/7307091.html，在""问大家""栏目中查找这个问题，筛选2023-03-26的回复来获取您需要的数字信息。"
d88d3b99-2728-4bd2-9708-8c2637e7a7c4,"
510"
adf06793-fcb4-49e4-a16d-a4324c767373,"
0.08"
f358b311-ca7b-4c7b-a1be-5dce2f488b4a,"
很抱歉，我多次尝试搜索京东开源的移动端Vue组件库（NutUI）在4.3.1版本中的关闭issue数量，但网络搜索服务一直超时，无法获取到准确的数据。

建议您可以直接访问NutUI的GitHub仓库（通常是 `https://github.com/jd-opensource/nutui`），在Releases页面查看4.3.1版本的发布信息，或者在Issues页面筛选该版本相关的已关闭issue来获取准确数量。"
cd0afdd2-8354-466f-9b3b-193520e3c54d,"
抱歉，我尝试了多次网络搜索来查找《地狱厨神：异国寻味》第三季第八集的具体信息，但搜索功能目前无法正常工作。

根据我的了解，在《地狱厨神：异国寻味》系列中，戈登·拉姆齐确实在一些极端环境中穿着防护装备来获取特殊食材。不过为了给您提供准确的答案，我建议您：

1. 直接观看该集节目获取准确信息
2. 查看该集的节目介绍或剧情摘要
3. 在视频平台或美食论坛中搜索相关讨论

如果您能提供更多关于该集的背景信息，比如拍摄地点或其他细节，我可能能够更好地帮助您。"
fddfe2fc-89bd-4137-be80-92b7be428c7d,"
京"
85eaaa6d-2048-4867-a1e1-1d5dfe1cfa0a,"
史蒂夫·乔布斯, iPhone(手机), iOS(操作系统), 苹果(Apple Inc.)"
c62baca5-9c60-4006-a91a-841752f746d1,"
购买"
b992f68d-4a46-4ed0-a10a-721a86e9631f,"
经过详细搜索，没有找到京东物流在2025年7月21日发布的新闻报告中提到的行业唯一奖项。京东物流在2025年确实获得了多个行业唯一奖项，包括：

1. **标普全球《可持续发展年鉴2025》**（中国内地物流行业唯一入选企业）
2. **澳门ESG卓越奖绿色智慧物流生态金莲花奖**（物流行业首家）  
3. **第五届中国新电商大会创新案例**（本届大会物流行业唯一获奖案例）

但这些都不是在7月21日发布的新闻。建议您确认一下日期是否准确，或者提供更多相关信息以便更精确地查找。"
6efa645e-6e25-4998-a4f5-82cf0ca62fe2,"
np.matrix([[1, 2], [3, 4]])"
089698c2-5459-4e00-94e1-1f3593e39515,"
该活动为线上直播形式，没有具体的线下实体地址。活动主要是通过直播方式带用户""云游""上海豫园景容楼，让用户足不出户感受老字号品牌的典雅与浪漫。"
ff1a46cc-3d80-4db3-831d-360bcbae5776,"
我无法直接查看您提供的图片文件。为了帮您确定这位开国宰相及其朝代的统治时间，请您：

1. 重新上传图片并提供正确的文件路径，或者
2. 告诉我图片中人物的身份（如果您能识别的话），或者  
3. 描述一下画像中人物的特征，比如：
   - 服饰样式（如官服、冠帽等）
   - 外貌特征（如胡须、发型等）
   - 时代特征

一旦我知道了这位开国宰相是谁，我就能立即告诉您他所辅佐建立的朝代统治了多少年。"
9a820b5e-67ad-47b8-9c2a-1867ee49d64a,"
1983"
cd920572-2610-418b-9310-0ac8e2a6d6ba,"
京东科技官网提到的使命愿景中的定位是""最值得信赖的数智化供应链技术服务商""。"
5756956a-3fa4-4098-88d4-5ace1d1b8033,"
我需要确认购买时使用的具体货币才能计算收益：

- 购买JD (HKSE)时使用的10000当地本币是港币(HKD)吗？
- 购买JD (NASD)时使用的10000当地本币是美元(USD)吗？

请确认这两个信息，这样我就能准确计算您在2025-06-18的美元收益了。"
ad6a7ec4-13ef-4f4d-8c2b-e305223f19af,"
酮体"
16aaa753-826b-4d3e-b1bd-0b98d34d5023,"
1998"
f0321476-40c0-4596-978c-4fe075f5fcba,"
宿迁市"
34f2757d-94af-48b6-9d1b-400183c73544,"
剞刀法"
c5d7a455-2d2a-4e12-a76d-3c79eff0278a,"
虱目鱼"
0123aafb-acfc-4fa0-a120-fe7065345bab,"
Based on my knowledge of NumPy testing, the command to run standard tests that only show informational messages about tests that have been run is:

```python
numpy.test(verbose=1)
```

The `verbose=1` parameter sets the verbosity level to show only basic information about the tests being run, which matches the requirement for ""仅显示已运行测试的信息消息"" (only showing informational messages about tests that have been run)."
6a58586d-e4ab-4b3e-8efd-87b0fcab5306,"
音频文件不存在，无法获取歌词内容。请确认文件路径 'valid/['辣妹子辣,mp3']' 是否正确，或者提供有效的音频文件。"
f65fe3ea-2576-4742-a00f-1059efabacb9,"
很抱歉，我无法直接读取PDF文件的内容。要帮您分析门店SaaS服务中仓配管理属于哪个功能模块，我需要您提供以下信息之一：

1. 将PDF文件转换为文本格式后提供给我
2. 复制粘贴PDF中相关的功能模块描述内容
3. 告诉我PDF中提到的具体功能模块名称

这样我就能帮您确定仓配管理具体属于哪个功能模块了。"
45fbed93-c012-4107-aa9b-fc4719620e97,"
很抱歉，我多次尝试搜索关于京东零售OxyGent多智能体框架的相关信息，但网络搜索工具都出现了超时问题。

由于无法通过网络搜索获取到OxyGent框架的GitHub仓库信息和2025年8月7日requirements.txt的commit详情，我无法为您提供该特定commit的完整评论备注。

建议您：
1. 直接访问GitHub搜索""OxyGent""或""京东零售 OxyGent""
2. 如果找到了相关仓库，查看requirements.txt文件的commit历史
3. 定位到2025年8月7日的commit，查看其详细的commit message

如果您能提供该GitHub仓库的具体链接，我可以尝试帮您分析相关信息。"
37d463ac-5fa2-4614-a288-a69dcf56670f,"
100086113628"
b9f64eb4-edc9-48e8-8fdd-ed4f22939871,"
15.7"
b8f40836-b585-472f-8bf6-58e0ccdcc706,"
黑色,白色,灰色"
2822610a-da1a-4433-a4eb-9d810d95e8fe,"
很抱歉，我无法直接处理PDF文档来提取其中的图片文字信息。目前可用的工具无法解析PDF文件中的内容。

如果您需要获取京东价格保护险规则PDF文档中价保申请图片显示的商品标题，建议您：

1. 将PDF文档转换为图片格式（如PNG/JPG），然后我可以尝试使用其他方法分析
2. 或者您可以直接查看PDF文档，将相关图片中的商品标题文字告诉我

请问您是否可以提供其他格式的文件，或者直接告诉我图片中显示的商品标题内容？"
08d26a34-631a-4557-849e-90f5ae735b33,"
amaranth"
c6097c22-3a28-4d8e-bf92-312807299bcf,"
天妇罗"
dc9a1b0b-33fd-440d-a9d5-8ae7239b56ce,"
大葱,洋葱"
19700377-a20f-4af4-a74f-d4e5ea7865bb,"
很抱歉，经过多次搜索，我无法找到京东抗疫""五件套""被国家博物馆永久收藏的完整总编号信息。虽然您提到收藏证书显示其为""2020第020号""，但这个编号的具体含义和完整的总编号在当前可公开获取的信息中无法确认。

建议您：
- 直接联系国家博物馆藏品管理部门查询
- 查看京东官方发布的抗疫相关新闻公告  
- 关注权威媒体的相关报道

如果您有收藏证书的照片或其他具体线索，我可以帮您进一步分析。"
d77326c7-9492-45f1-82e3-8400dc5b4626,"
京东零售云产业优化提效解决方案,京东零售云智能供应链解决方案,京东零售云智能门店解决方案,京东零售云智能营销解决方案,京东零售云智能客服解决方案,京东零售云智能物流解决方案,京东零售云智能金融解决方案,京东零售云智能数据解决方案"
fa13876f-2d91-404a-9d17-0c8e0e71a121,"
很抱歉，我无法通过搜索获取到Apache Spark Pull Request #51653的具体信息。由于网络搜索工具连续超时，我无法查看该PR的详细内容来确认除了data_type_array之外还修改了哪个重要字段。

建议您可以直接访问Apache Spark的GitHub仓库或官方JIRA系统，搜索PR #51653来查看具体的修改内容。如果您能提供该PR的描述内容或相关文档，我可以帮您分析并找出答案。"
c4cc8a2f-1e02-44f1-9205-a8596697dbae,"
祝绪丹在《乘风破浪的姐姐6》初舞台获得了SuperA评级。"
e1dfeaad-7241-4ce4-86fa-bfee94942ae2,"
助力乡村振兴,推动绿色发展,践行数字普惠"
cc0c36e6-d27e-4743-90d1-d3d275fd9fcf,"
很抱歉，我在尝试获取GitHub上anthropic/claude-code仓库的tags版本信息时遇到了网络超时问题。由于无法访问GitHub来获取实时的tags数据，我无法为您提供截至2025年8月25日的准确版本数量。

建议您可以直接访问GitHub仓库页面查看：
1. 打开 https://github.com/anthropics/claude-code
2. 点击页面上的""Tags""或""Releases""标签
3. 查看所有已发布的版本标签数量

这样您就能获得最准确和最新的版本信息了。"
c34cfc4e-c849-4471-b769-962ea2a5af65,"
很抱歉，我多次尝试搜索《孤独的美食家》第四季第九集中关于葱姜油蒸鸡的情节信息，但搜索功能都出现了超时问题。

根据我对这部剧的了解，在《孤独的美食家》中，当五郎点菜时，老板通常会推荐鸡肉的特定部位。对于葱姜油蒸鸡这道菜，常见的推荐部位通常是鸡腿肉，因为鸡腿肉肉质鲜嫩多汁，适合蒸制。

不过为了给您准确的答案，建议您可以：
1. 直接观看第四季第九集来确认具体情节
2. 查看相关的剧集讨论或影评
3. 在美食论坛或社交媒体上询问其他观众

如果您有其他关于这部剧的问题，我很乐意为您解答。"
462532cf-f3cb-49df-b164-e402d463c5ff,"
很抱歉，我尝试了多次网络搜索来查找OxyGent框架的PyPI发布历史信息，但都遇到了超时问题。由于无法获取到实时的网络数据，我无法准确回答您关于2025年7月OxyGent在PyPI上发布了几个版本的问题。

建议您可以直接访问PyPI官网（pypi.org）搜索""OxyGent""来查看其完整的发布历史，或者关注京东零售的官方开源渠道获取最新的版本发布信息。"
798d58a0-8e10-4f74-8bb3-d63e7478e16b,"
我需要更多信息来帮您统计log文件数量。您提供了目录路径'202504/'，但我需要知道该目录下具体有哪些文件才能进行统计。

请您提供以下信息之一：
1. 该目录下的完整文件列表
2. 或者让我直接访问该目录来获取文件列表

您能提供'202504/'目录下的文件列表吗？"
56c0abfa-7701-4bac-818b-1ba2023e3584,"
很抱歉，我无法访问您提供的京东商品链接来查看该商品的颜色选择情况。网页访问出现了超时问题。

请您直接访问该链接 https://item.jd.com/100108709839.html ，查看商品页面上显示的颜色选项数量，然后告诉我是否超过7种颜色选择，我就能给您准确的""是""或""否""的回答。"
0815afce-b0a9-4811-b325-379161f515d6,"
0"
6c3d62ee-23df-455a-bb3c-7fe7bf79395a,"
2005"
c073c045-4a6f-46ee-b51c-adc5f84f831b,"
8192000"
53dec86d-b658-40c7-973e-838fd1d610e5,"
2016"
a29f2a86-89dc-45ff-9959-d2607d032d79,"
抱歉，无法访问该京东商品页面获取材质信息。建议您直接访问该链接查看商品详情，或提供商品名称以便通过其他方式帮您查询。"
1fe92111-303c-4362-b5c7-9f9c51af8b3b,"
cockroach"
c904400d-2138-4e98-9379-94bbaec5dbb2,"
很抱歉，由于网络搜索服务连续超时，我无法获取到2016年百度百科京东页面关于财富500强内容的最早贡献者信息。

不过我可以告诉您，根据之前的搜索结果，京东集团确实是在**2016年**首次进入《财富》全球500强榜单，位列第366位，成为中国首家且唯一入选的互联网企业。

如果您需要找到该年百度百科页面的最早贡献者信息，建议您：
1. 直接访问百度百科的京东页面
2. 查看页面历史版本记录
3. 筛选2016年相关的编辑记录来找到最早的贡献者

这样就能准确获取到您需要的信息了。"
f1ac188d-9ee9-4d66-bce2-e691ed192cab,"
你退后让我来"
5e4456b4-2c9e-482a-bd48-c6c920595bff,"
3.10"
45a3c412-045b-463a-9e82-8e7ff701c8af,"
11"
16f7fa0e-4c89-4728-aca9-5e4d5e67e23a,"
17"
b001f6c0-3757-425b-9843-99796c5a8f84,"
42"
85e6dc2f-ba1d-4394-b649-2b2d10c12948,"
京东物流"
3a6e4154-2794-4bc5-9384-be32da60a2ea,"
否"
ca0118de-b8b0-447d-beeb-c69928a5ca11,"
很抱歉，我无法通过搜索找到京东产发在2024年9月18日发布的关于2024服贸会新闻中提及的园区管理面积具体数据。搜索工具多次超时，无法获取到该新闻的详细内容。

建议您：
1. 直接访问京东产发官方网站查看该新闻
2. 查看京东产发的官方社交媒体账号
3. 搜索服贸会官方发布的参展企业信息

如果您能提供该新闻的具体链接或更多详细信息，我可以帮您进一步分析。"
615a8bc6-cfe2-4c08-b320-3069648ae59a,"
宋徽宗"
238e2fe9-39ee-4b7f-badd-bb29773ced62,"
0.004"
3c4cf071-9a2c-46a2-8cf4-9c50d0a7e896,"
文成公主"
4dd7b5d5-2b28-4322-8fff-acfb960c9043,"
很抱歉，我无法直接处理MP3音频文件来获取歌曲信息。现有的工具都无法成功处理这个音频文件。

为了帮您完成这个任务，我需要您提供以下信息之一：

1. **歌曲的详细信息**：歌曲名称、作词人姓名、作曲人姓名
2. **歌词文本内容**：完整的歌词
3. **作词人和作曲人的民族和性别信息**

有了这些信息后，我就可以：
- 判断作词人和作曲人的民族和性别是否一致
- 根据判断结果输出歌词的第一个字（如果都一致）或第二个字（如果有任何不一致）

请您提供这些信息，我将立即为您分析并给出答案。"
a8aed8e5-722a-46b7-8cb2-db64496b6ecc,"
24"
36a38d81-c439-4d90-8268-d3771d8ce796,"
108"
c930861b-fa50-4ead-bd60-c184a451b16a,"
均匀分布"
15232696-690b-42ed-b8c2-91b65597ff57,"
1"
3dce675a-07d2-40ed-bb43-32ff08a5be57,"
无法直接读取PDF文件。请提供PDF的文本内容或将PDF转换为可读格式，以便分析标注了'超市黑五'标签但没有'百亿补贴'标识的商品数量。"
1f3ba49d-d439-4494-b453-c6a3bc1bdb24,"
docker-compose.yaml"
a6bfa942-038f-4a04-8d77-891e2903871d,"
抱歉，我无法通过公开搜索获取到京东产发资产管理体系的具体六个步骤信息。这类企业内部管理流程通常属于专有知识，不会在公开渠道详细披露。

建议您：
1. 直接联系京东产发官方获取相关资料
2. 查阅京东集团的年度报告或企业社会责任报告
3. 如果您有相关文档或资料，可以提供给我进行分析

如果您能提供更多背景信息或相关文档，我很乐意帮您进一步分析。"
a33d7b97-3852-4b5a-b77f-dab701c72b84,"
+1(650)7232300"
87b6638d-0dbb-48ac-b4d9-b842d5d8dae4,"
岳阳楼记"
d0cf4cb3-636e-4a97-97ee-74dda1a4da63,"
很抱歉，我无法直接分析视频文件来定位特定内容的时间点。根据工具返回的结果，现有的audio_agent和file_agent都无法处理视频内容分析和时间计算任务。

要完成您的需求，您需要：

1. **使用视频分析软件**手动查看视频，如：
   - VLC Media Player、PotPlayer等播放器
   - Adobe Premiere Pro、Final Cut Pro等专业编辑软件

2. **操作步骤**：
   - 打开视频文件""采销介绍.mp4""
   - 搜索或手动定位到首次介绍电池容量的时间点
   - 记录该时间点
   - 查看视频总时长
   - 计算：剩余时间 = 总时长 - 电池容量介绍时间点
   - 根据剩余时间判断输出A（<10秒）或B（>10秒）

如果您能提供视频的具体时长和电池容量介绍的时间点，我可以帮您计算剩余时间并给出最终答案。"
a4466a9a-414d-4b5c-b777-3a420a028cdc,"
很抱歉，我无法通过搜索找到京东零售的OxyGent多智能体框架在GitHub上的相关信息。搜索结果显示：

1. GitHub上没有找到名为OxyGent的公开仓库
2. JD.com的官方GitHub组织(jd-com)没有公开的相关仓库
3. 无法访问到您提到的2025年8月的README文件和GAIA榜单图

这可能是因为：
- OxyGent项目尚未公开发布或在私有仓库中
- 项目名称可能有所不同
- 信息可能发布在其他平台

建议您：
- 直接访问GitHub搜索""OxyGent""
- 查看京东官方AI研究页面
- 或提供具体的GitHub仓库链接，我可以帮您分析具体内容

如果您有OxyGent项目的具体GitHub链接，请分享给我，我可以帮您查看README中GAIA榜单图的详细信息。"
6772b8a3-d8cc-4330-b029-733166afa281,"
59.14分"
4d81a68e-5074-4497-a663-5294e67769d3,"
门店SaaS ERP,门店CRM,智能POS收银,门店小程序,智能陈列,平板订货系统"
a6052f06-41ce-4a86-830d-95b2952812ba,"
图片文件路径格式有误，无法访问。请提供正确的文件路径（如：valid/9f37556634e.png），以便我识别图中的人物身份并回答关于帝王墓地所在省份地级市数量的问题。"
6a013105-0bfd-431f-9866-0a0e1eb55bb7,"
pip install claude-code"
adfd67a9-0587-4efe-a501-c8e87b9c7941,"
Hello"
822ba9de-29e7-45fb-85b4-83d3f58162ec,"
```	json"
ce630d9c-b7d1-415a-9e78-04789e60552c,"
2014年5月22日"
c2a3cb5c-6cd3-40d8-b82a-0543c0e1b741,"
ESG"
37c55a8f-44cd-4fde-999f-6b7b8144d6d3,"
100119048919"
75c67c1b-b121-4af0-97cd-949a6670f983,"
好评"
b3f5a97d-efed-4cb3-bb56-c5989bdb1cce,"
2019"
d25005ec-210f-4cce-ae45-6fbabf288090,"
4"
a68396c6-9eb3-4150-b030-e4909b9f5cd8,"
2"
03d2b85d-c732-4d84-81ea-fa259eb88d35,"
根据题目分析，对于给定的样例输入：

**输入：**
```
4 4
10 20 30 40
3 2
3 4
3 4
1 2
```

**分析过程：**
- 员工1：知道员工2的工资20，平均工资v₁ = 20，自己的工资a₁ = 10 < 20 ✓
- 员工2：不知道任何人的工资，不参与计算
- 员工3：知道员工2的工资20和员工4的工资40（两次），平均工资v₃ = (20+40+40)/3 = 33.33，自己的工资a₃ = 30 < 33.33 ✓
- 员工4：不知道任何人的工资，不参与计算

**结果：**
有2名员工（员工1和员工3）的工资低于他们所知道的人的平均工资，因此会考虑离职。

**Output answer: 2**"
7c3f5dcd-237c-4736-a58e-85f963d7cb8f,"
根据Dify的GitHub README文档，启动Dify服务器后，需要在浏览器中访问 **http://localhost/install** 来进入Dify的初始化安装界面和控制台。"
8f9281cd-e56d-478a-9556-8ae68ad41098,"
根据GitHub上NutUI组件库2023年的issue解答，关于4.3.1版本ref类型问题的解决方案是使用TypeScript的`InstanceType`工具类型来获取组件实例类型。具体方法是：

```typescript
import { Form } from '@nutui/nutui-taro'

type FormInstance = InstanceType<typeof Form>
const formRef = ref<FormInstance>()
```

这个解答来自2023年11月20日创建的issue #2677，专门针对TypeScript中form表单ref类型问题，并在2023年12月得到了官方维护者的确认。"
e099efb1-ab8a-4036-a216-f97c942828e3,"
Office of Technology Management/Tech Transfer（技术管理与技术转让办公室），华盛顿大学圣路易斯分校"
8bc6c211-4e06-4de6-9698-c1c885a5b886,"
很抱歉，我无法找到关于《生灵奇旅》第一集中""死亡之河""的相关信息。这可能是因为：

1. 作品名称可能有不同的翻译或拼写
2. 可能是一部较为小众或地方性的作品
3. 可能不是中文作品，而是其他语言的纪录片或动画

为了更好地帮助您，您能否提供更多详细信息？比如：
- 这是哪个国家制作的作品？
- 是什么类型的作品（纪录片、动画、电影等）？
- 您是在哪个平台或渠道看到这部作品的？
- 是否有其他可能的名称或英文名称？

有了这些信息，我就能更准确地为您查找相关内容。"
b9599268-00ba-453b-8b6b-bfb384c6eb79,"
很抱歉，我无法访问该京东商品页面来获取产品信息。网页访问出现超时问题。

为了帮您确定应该购买的产品总斤数，我需要了解该商品的具体信息。您可以：

1. 直接告诉我这个商品是什么产品，有哪些规格可选
2. 或者提供商品页面的主要信息，比如不同重量的选项和价格

这样我就能帮您分析大多数人会选择哪个规格，并给出建议的购买斤数。"
